-- phpMyAdmin SQL Dump
-- version 4.8.3
-- https://www.phpmyadmin.net/
--
-- Host: 127.0.0.1:3306
-- Generation Time: Oct 29, 2018 at 03:22 PM
-- Server version: 5.7.23
-- PHP Version: 7.2.10

SET SQL_MODE = "NO_AUTO_VALUE_ON_ZERO";
SET AUTOCOMMIT = 0;
START TRANSACTION;
SET time_zone = "+00:00";


/*!40101 SET @OLD_CHARACTER_SET_CLIENT=@@CHARACTER_SET_CLIENT */;
/*!40101 SET @OLD_CHARACTER_SET_RESULTS=@@CHARACTER_SET_RESULTS */;
/*!40101 SET @OLD_COLLATION_CONNECTION=@@COLLATION_CONNECTION */;
/*!40101 SET NAMES utf8mb4 */;

--
-- Database: `extract`
--

-- --------------------------------------------------------

--
-- Table structure for table `carte`
--

DROP TABLE IF EXISTS `carte`;
CREATE TABLE IF NOT EXISTS `carte` (
  `id` int(11) NOT NULL AUTO_INCREMENT,
  `nom` varchar(255) COLLATE utf8mb4_unicode_ci NOT NULL,
  `fichier` varchar(255) COLLATE utf8mb4_unicode_ci NOT NULL,
  `valeur` int(11) NOT NULL,
  PRIMARY KEY (`id`)
) ENGINE=InnoDB AUTO_INCREMENT=61 DEFAULT CHARSET=utf8mb4 COLLATE=utf8mb4_unicode_ci;

--
-- Dumping data for table `carte`
--

INSERT INTO `carte` (`id`, `nom`, `fichier`, `valeur`) VALUES
(1, 'Disque', 'carte_disque.png', 6),
(2, 'Disque', 'carte_disque.png', 6),
(3, 'Disque', 'carte_disque.png', 6),
(4, 'Disque', 'carte_disque.png', 6),
(5, 'Disque', 'carte_disque.png', 6),
(6, 'Disque', 'carte_disque.png', 6),
(7, 'Audio', 'carte_audio.png', 5),
(8, 'Audio', 'carte_audio.png', 5),
(9, 'Audio', 'carte_audio.png', 5),
(10, 'Audio', 'carte_audio.png', 5),
(11, 'Audio', 'carte_audio.png', 5),
(12, 'Audio', 'carte_audio.png', 5),
(13, 'Appareil Photo', 'carte_app.png', 4),
(14, 'Appareil Photo', 'carte_app.png', 4),
(15, 'Appareil Photo', 'carte_app.png', 4),
(16, 'Appareil Photo', 'carte_app.png', 4),
(17, 'Appareil Photo', 'carte_app.png', 4),
(18, 'Appareil Photo', 'carte_app.png', 4),
(19, 'Videos', 'carte_videos.png', 3),
(20, 'Videos', 'carte_videos.png', 3),
(21, 'Videos', 'carte_videos.png', 3),
(22, 'Videos', 'carte_videos.png', 3),
(23, 'Videos', 'carte_videos.png', 3),
(24, 'Videos', 'carte_videos.png', 3),
(25, 'Videos', 'carte_videos.png', 3),
(26, 'Videos', 'carte_videos.png', 3),
(27, 'Plan', 'carte_plans.png', 2),
(28, 'Plan', 'carte_plans.png', 2),
(29, 'Plan', 'carte_plans.png', 2),
(30, 'Plan', 'carte_plans.png', 2),
(31, 'Plan', 'carte_plans.png', 2),
(32, 'Plan', 'carte_plans.png', 2),
(33, 'Plan', 'carte_plans.png', 2),
(34, 'Plan', 'carte_plans.png', 2),
(35, 'Data', 'carte_datas.png', 1),
(36, 'Data', 'carte_datas.png', 1),
(37, 'Data', 'carte_datas.png', 1),
(38, 'Data', 'carte_datas.png', 1),
(39, 'Data', 'carte_datas.png', 1),
(40, 'Data', 'carte_datas.png', 1),
(41, 'Data', 'carte_datas.png', 1),
(42, 'Data', 'carte_datas.png', 1),
(43, 'Data', 'carte_datas.png', 1),
(44, 'Data', 'carte_datas.png', 1),
(45, 'Valise', 'valise.png', 0),
(46, 'Valise', 'valise.png', 0),
(47, 'Valise', 'valise.png', 0),
(48, 'Valise', 'valise.png', 0),
(49, 'Valise', 'valise.png', 0),
(50, 'Valise', 'valise.png', 0),
(51, 'Valise', 'valise.png', 0),
(52, 'Valise', 'valise.png', 0),
(53, 'Valise', 'valise.png', 0),
(54, 'Valise', 'valise.png', 0),
(55, 'Valise', 'valise.png', 0);

-- --------------------------------------------------------

--
-- Table structure for table `jeton`
--

DROP TABLE IF EXISTS `jeton`;
CREATE TABLE IF NOT EXISTS `jeton` (
  `id` int(11) NOT NULL AUTO_INCREMENT,
  `nom` varchar(255) COLLATE utf8mb4_unicode_ci NOT NULL,
  `valeur` int(11) NOT NULL,
  `fichier` varchar(255) COLLATE utf8mb4_unicode_ci NOT NULL,
  `type` varchar(10) COLLATE utf8mb4_unicode_ci NOT NULL,
  PRIMARY KEY (`id`)
) ENGINE=InnoDB AUTO_INCREMENT=59 DEFAULT CHARSET=utf8mb4 COLLATE=utf8mb4_unicode_ci;

--
-- Dumping data for table `jeton`
--

INSERT INTO `jeton` (`id`, `nom`, `valeur`, `fichier`, `type`) VALUES
(1, 'Data 5', 5, 'data_5.png', 'data'),
(2, 'Data 5', 5, 'data_5.png', 'data'),
(3, 'Data 5', 5, 'data_5.png', 'data'),
(4, 'Data 7', 7, 'data_7.png', 'data'),
(5, 'Data 7', 7, 'data_7.png', 'data'),
(6, 'Plan 5 ', 5, 'plan_5.png', 'plan'),
(7, 'Plan 5 ', 5, 'plan_5.png', 'plan'),
(8, 'Plan 5 ', 5, 'plan_5.png', 'plan'),
(9, 'Plan 6', 6, 'plan_6.png', 'plan'),
(10, 'Plan 6', 6, 'plan_6.png', 'plan'),
(11, 'Video 5', 5, 'video_5.png', 'video'),
(12, 'Video 5', 5, 'video_5.png', 'video'),
(13, 'Video 5', 5, 'video_5.png', 'video'),
(14, 'Video 5', 5, 'video_5.png', 'video'),
(15, 'Video 5', 5, 'video_5.png', 'video'),
(16, 'Video 5', 5, 'video_5.png', 'video'),
(17, 'App 1', 1, 'app_1.png', 'app'),
(18, 'App 1', 1, 'app_1.png', 'app'),
(19, 'App 2', 2, 'app_2.png', 'app'),
(20, 'App 2', 2, 'app_2.png', 'app'),
(21, 'App 3', 3, 'app_3.png', 'app'),
(22, 'App 3', 3, 'app_3.png', 'app'),
(23, 'App 5', 5, 'app_5.png', 'app'),
(24, 'Audio 1', 1, 'audio_1.png', 'audio'),
(25, 'Audio 1', 1, 'audio_1.png', 'audio'),
(26, 'Audio 2', 2, 'audio_2.png', 'audio'),
(28, 'Audio 2', 2, 'audio_2.png', 'audio'),
(29, 'Audio 3', 3, 'audio_3.png', 'audio'),
(30, 'Audio 3', 3, 'audio_3.png', 'audio'),
(31, 'Audio 5', 5, 'audio_5.png', 'audio'),
(32, 'Disque 1', 1, 'disque_1.png', 'disque'),
(33, 'Disque 1', 1, 'disque_1.png', 'disque'),
(34, 'Disque 1', 1, 'disque_1.png', 'disque'),
(35, 'Disque 1', 1, 'disque_1.png', 'disque'),
(36, 'Disque 1', 1, 'disque_1.png', 'disque'),
(37, 'Disque 1', 1, 'disque_1.png', 'disque'),
(38, 'Disque 2', 2, 'disque_2.png', 'disque'),
(39, 'Disque 3', 3, 'disque_3.png', 'disque'),
(40, 'Disque 4', 4, 'disque_4.png', 'disque'),
(41, 'Bonus 3', 3, 'bonus_3.png', 'Bonus_3'),
(42, 'Bonus 3', 3, 'bonus_3.png', 'Bonus_3'),
(43, 'Bonus 3', 3, 'bonus_3.png', 'Bonus_3'),
(44, 'Bonus 3', 3, 'bonus_3.png', 'Bonus_3'),
(45, 'Bonus 3', 3, 'bonus_3.png', 'Bonus_3'),
(46, 'Bonus 3', 3, 'bonus_3.png', 'Bonus_3'),
(47, 'Bonus 3', 3, 'bonus_3.png', 'Bonus_3'),
(48, 'Bonus 4', 4, 'bonus_4.png', 'Bonus_4'),
(49, 'Bonus 4', 4, 'bonus_4.png', 'Bonus_4'),
(50, 'Bonus 4', 4, 'bonus_4.png', 'Bonus_4'),
(51, 'Bonus 4', 4, 'bonus_4.png', 'Bonus_4'),
(52, 'Bonus 4', 4, 'bonus_4.png', 'Bonus_4'),
(53, 'Bonus 4', 4, 'bonus_4.png', 'Bonus_4'),
(54, 'Bonus 5', 5, 'bonus_5.png', 'Bonus_5'),
(55, 'Bonus 5', 5, 'bonus_5.png', 'Bonus_5'),
(56, 'Bonus 5', 5, 'bonus_5.png', 'Bonus_5'),
(57, 'Bonus 5', 5, 'bonus_5.png', 'Bonus_5'),
(58, 'Bonus 5', 5, 'bonus_5.png', 'Bonus_5');

-- --------------------------------------------------------

--
-- Table structure for table `migration_versions`
--

DROP TABLE IF EXISTS `migration_versions`;
CREATE TABLE IF NOT EXISTS `migration_versions` (
  `version` varchar(255) COLLATE utf8_unicode_ci NOT NULL,
  PRIMARY KEY (`version`)
) ENGINE=InnoDB DEFAULT CHARSET=utf8 COLLATE=utf8_unicode_ci;

--
-- Dumping data for table `migration_versions`
--

INSERT INTO `migration_versions` (`version`) VALUES
('20181011095645'),
('20181016073013');

-- --------------------------------------------------------

--
-- Table structure for table `partie`
--

DROP TABLE IF EXISTS `partie`;
CREATE TABLE IF NOT EXISTS `partie` (
  `id` int(11) NOT NULL AUTO_INCREMENT,
  `joueur1_id` int(11) DEFAULT NULL,
  `joueur2_id` int(11) DEFAULT NULL,
  `date` datetime NOT NULL,
  `status` varchar(1) COLLATE utf8mb4_unicode_ci NOT NULL,
  `terrain` json NOT NULL COMMENT '(DC2Type:json_array)',
  `pioche` json NOT NULL COMMENT '(DC2Type:json_array)',
  `jeton_chameaux` int(11) NOT NULL,
  `defausse` tinyint(1) NOT NULL,
  `main_j1` json NOT NULL COMMENT '(DC2Type:json_array)',
  `main_j2` json NOT NULL COMMENT '(DC2Type:json_array)',
  `chameaux_j1` json NOT NULL COMMENT '(DC2Type:json_array)',
  `chameaux_j2` json NOT NULL COMMENT '(DC2Type:json_array)',
  `jetons_j1` json NOT NULL COMMENT '(DC2Type:json_array)',
  `jetons_j2` json NOT NULL COMMENT '(DC2Type:json_array)',
  `nb_manche` int(11) NOT NULL,
  `point_j1` int(11) NOT NULL,
  `point_j2` int(11) NOT NULL,
  `jetons_terrain` json NOT NULL COMMENT '(DC2Type:json_array)',
  PRIMARY KEY (`id`),
  KEY `IDX_59B1F3D92C1E237` (`joueur1_id`),
  KEY `IDX_59B1F3D80744DD9` (`joueur2_id`)
) ENGINE=InnoDB AUTO_INCREMENT=69 DEFAULT CHARSET=utf8mb4 COLLATE=utf8mb4_unicode_ci;

--
-- Dumping data for table `partie`
--

INSERT INTO `partie` (`id`, `joueur1_id`, `joueur2_id`, `date`, `status`, `terrain`, `pioche`, `jeton_chameaux`, `defausse`, `main_j1`, `main_j2`, `chameaux_j1`, `chameaux_j2`, `jetons_j1`, `jetons_j2`, `nb_manche`, `point_j1`, `point_j2`, `jetons_terrain`) VALUES
(1, 3, 4, '2018-10-24 17:25:47', '2', '{\"0\": 55, \"1\": 54, \"2\": 53, \"4\": 20, \"5\": 34}', '[27, 38, 23, 52, 6, 13, 4, 31, 11, 8, 32, 18, 36, 45, 19, 51, 7, 46, 28, 3, 43, 49, 41, 24, 33, 14, 21, 10, 35, 50, 22, 16, 2, 15, 42, 12, 44, 48, 47]', 0, 0, '[30, 17, 29, 5, 39, 25]', '[1, 37, 40, 26, 9]', '[]', '[]', '[]', '[]', 1, 0, 0, '{\"or\": [36, 35], \"cuir\": [24, 23, 22, 21], \"bonus\": [40, 38, 39], \"epice\": [28, 27, 26, 25], \"tissu\": [20, 19, 18, 17], \"argent\": [37], \"Bonus_3\": [29], \"Bonus_4\": [30], \"Bonus_5\": [32], \"diamant\": [34, 33]}'),
(2, 4, 4, '2018-10-24 17:26:56', '1', '[55, 54, 53, 47, 26]', '[49, 40, 45, 14, 27, 48, 17, 20, 6, 4, 29, 15, 23, 36, 11, 28, 42, 18, 1, 24, 12, 13, 41, 30, 38, 52, 9, 25, 44, 32, 10, 3, 39, 2, 7, 35, 46, 8, 22, 43]', 0, 0, '[50, 16, 31, 19, 33]', '[51, 37, 5, 34, 21]', '[]', '[]', '[]', '[]', 1, 0, 0, '{\"or\": [36, 35], \"cuir\": [24, 23, 22, 21], \"bonus\": [40, 38, 39], \"epice\": [28, 27, 26, 25], \"tissu\": [20, 19, 18, 17], \"argent\": [37], \"Bonus_3\": [29], \"Bonus_4\": [30], \"Bonus_5\": [32], \"diamant\": [34, 33]}'),
(3, 3, 3, '2018-10-25 18:16:24', '1', '[55, 54, 53, 28, 49]', '[21, 30, 20, 51, 11, 23, 8, 43, 15, 31, 9, 46, 33, 40, 13, 17, 14, 50, 1, 22, 35, 39, 3, 36, 47, 25, 44, 5, 12, 32, 6, 42, 26, 16, 10, 52, 7, 19, 4, 38]', 0, 0, '[41, 37, 27, 34, 18]', '[2, 45, 29, 24, 48]', '[]', '[]', '[]', '[]', 1, 0, 0, '{\"or\": [], \"app\": [20, 19, 18, 17], \"cuir\": [], \"data\": [34, 33], \"plan\": [36, 35], \"audio\": [28, 27, 26, 25], \"bonus\": [32, 40, 30, 39, 29, 38], \"epice\": [], \"tissu\": [], \"video\": [37], \"argent\": [], \"disque\": [24, 23, 22, 21], \"Bonus_3\": [], \"Bonus_4\": [], \"Bonus_5\": [], \"diamant\": []}'),
(4, 3, 4, '2018-10-25 18:17:25', '2', '{\"0\": 55, \"1\": 54, \"2\": 53, \"4\": 40, \"5\": 32}', '[2, 37, 31, 4, 42, 26, 23, 8, 11, 28, 6, 46, 14, 29, 38, 50, 35, 48, 20, 13, 41, 16, 7, 25, 1, 51, 33, 44, 52, 30, 22, 3, 24, 45, 17, 47, 43, 49, 10]', 0, 0, '[21, 19, 18, 27, 5, 12]', '[36, 15, 34, 39, 9]', '[]', '[]', '[]', '[]', 1, 0, 0, '{\"or\": [], \"app\": [20, 19, 18, 17], \"cuir\": [], \"data\": [34, 33], \"plan\": [36, 35], \"audio\": [28, 27, 26, 25], \"bonus\": [32, 40, 30, 39, 29, 38], \"epice\": [], \"tissu\": [], \"video\": [37], \"argent\": [], \"disque\": [24, 23, 22, 21], \"Bonus_3\": [], \"Bonus_4\": [], \"Bonus_5\": [], \"diamant\": []}'),
(5, 3, 4, '2018-10-26 08:59:07', '1', '[55, 54, 53, 15, 21]', '[34, 7, 10, 1, 29, 43, 28, 46, 13, 30, 48, 17, 35, 31, 6, 2, 38, 11, 8, 20, 33, 40, 22, 16, 42, 14, 32, 5, 25, 27, 4, 23, 12, 37, 44, 3, 47, 39, 9, 24]', 0, 0, '[50, 19, 52, 51, 45]', '[41, 18, 49, 26, 36]', '[]', '[]', '[]', '[]', 1, 0, 0, '{\"or\": [], \"app\": [20, 19, 18, 17], \"cuir\": [], \"data\": [34, 33], \"plan\": [36, 35], \"audio\": [28, 27, 26, 25], \"bonus\": [40, 39, 38], \"epice\": [], \"tissu\": [], \"video\": [37], \"argent\": [], \"disque\": [24, 23, 22, 21], \"Bonus_3\": [29], \"Bonus_4\": [30], \"Bonus_5\": [32], \"diamant\": []}'),
(6, 3, 3, '2018-10-26 09:32:20', '1', '[55, 54, 53, 33, 13]', '[17, 51, 27, 3, 18, 43, 14, 48, 4, 22, 47, 20, 12, 16, 26, 49, 30, 9, 60, 29, 5, 58, 41, 15, 39, 1, 50, 40, 11, 28, 2, 19, 56, 37, 6, 34, 42, 36, 35, 24, 25, 38, 8, 10, 59]', 0, 0, '[44, 57, 46, 45, 7]', '[32, 31, 23, 21, 52]', '[]', '[]', '[]', '[]', 1, 0, 0, '{\"or\": [], \"app\": [20, 19, 18, 17], \"cuir\": [], \"data\": [34, 33], \"plan\": [36, 35], \"audio\": [28, 27, 26, 25], \"bonus\": [40, 39, 38], \"epice\": [], \"tissu\": [], \"video\": [37], \"argent\": [], \"disque\": [24, 23, 22, 21], \"Bonus_3\": [29], \"Bonus_4\": [30], \"Bonus_5\": [32], \"diamant\": []}'),
(7, 3, 3, '2018-10-26 10:29:43', '1', '[55, 54, 53, 3, 36]', '[35, 23, 52, 11, 22, 29, 34, 24, 42, 45, 38, 48, 17, 28, 14, 47, 21, 41, 8, 25, 7, 32, 26, 31, 9, 46, 33, 16, 12, 49, 39, 27, 19, 44, 4, 50, 51, 2, 1, 37]', 0, 0, '[6, 10, 15, 40, 18]', '[5, 20, 43, 13, 30]', '[]', '[]', '[]', '[]', 1, 0, 0, '{\"or\": [], \"app\": [23, 21, 22, 19, 20, 17, 18], \"cuir\": [], \"data\": [4, 5, 1, 2, 3], \"plan\": [9, 10, 6, 7, 8], \"audio\": [31, 29, 30, 26, 28, 24, 25], \"epice\": [], \"tissu\": [], \"video\": [11, 12, 13, 14, 15, 16], \"argent\": [], \"disque\": [40, 39, 38, 32, 33, 34, 35, 36, 37], \"Bonus_3\": [], \"Bonus_4\": [], \"Bonus_5\": [], \"diamant\": []}'),
(8, 3, 3, '2018-10-26 10:39:58', '1', '[55, 54, 53, 47, 3]', '[38, 9, 51, 42, 25, 37, 29, 22, 18, 4, 34, 43, 20, 33, 40, 23, 35, 36, 30, 2, 45, 26, 10, 13, 32, 44, 48, 16, 19, 39, 52, 6, 24, 11, 15, 31, 14, 41, 17, 28]', 0, 0, '[21, 12, 7, 8, 5]', '[1, 50, 49, 27, 46]', '[]', '[]', '[]', '[]', 1, 0, 0, '{\"or\": [], \"app\": [23, 21, 22, 19, 20, 17, 18], \"cuir\": [], \"data\": [4, 5, 1, 2, 3], \"plan\": [9, 10, 6, 7, 8], \"audio\": [31, 29, 30, 26, 28, 24, 25], \"epice\": [], \"tissu\": [], \"video\": [11, 12, 13, 14, 15, 16], \"argent\": [], \"disque\": [40, 39, 38, 32, 33, 34, 35, 36, 37], \"Bonus_3\": [], \"Bonus_4\": [], \"Bonus_5\": [], \"diamant\": []}'),
(9, 3, 4, '2018-10-26 10:43:41', '1', '[55, 54, 53, 36, 51]', '[52, 23, 25, 31, 33, 3, 18, 38, 11, 50, 37, 41, 15, 14, 9, 49, 29, 24, 7, 6, 12, 4, 5, 39, 1, 45, 8, 44, 47, 20, 19, 35, 30, 32, 2, 21, 17, 42, 22, 10]', 0, 0, '[34, 13, 27, 46, 26]', '[40, 48, 43, 16, 28]', '[]', '[]', '[]', '[]', 1, 0, 0, '{\"or\": [], \"app\": [23, 21, 22, 19, 20, 17, 18], \"cuir\": [], \"data\": [4, 5, 1, 2, 3], \"plan\": [9, 10, 6, 7, 8], \"audio\": [31, 29, 30, 26, 28, 24, 25], \"epice\": [], \"tissu\": [], \"video\": [11, 12, 13, 14, 15, 16], \"argent\": [], \"disque\": [40, 39, 38, 32, 33, 34, 35, 36, 37], \"Bonus_3\": [43, 47, 42, 44, 45, 46, 41], \"Bonus_4\": [53, 50, 52, 49, 48, 51], \"Bonus_5\": [58, 55, 54, 57, 56], \"diamant\": []}'),
(10, 3, 4, '2018-10-26 11:22:54', '2', '{\"0\": 55, \"1\": 54, \"2\": 53, \"4\": 46, \"5\": 29}', '[51, 4, 11, 14, 19, 35, 10, 17, 38, 52, 12, 36, 28, 5, 41, 50, 27, 48, 25, 16, 49, 32, 37, 2, 13, 18, 8, 45, 21, 39, 42, 7, 44, 26, 9, 24, 47, 6, 22]', 0, 0, '[15, 40, 33, 30, 3, 43]', '[1, 23, 31, 20, 34]', '[]', '[]', '[]', '[]', 1, 0, 0, '{\"or\": [], \"app\": [23, 21, 22, 19, 20, 17, 18], \"cuir\": [], \"data\": [4, 5, 1, 2, 3], \"plan\": [9, 10, 6, 7, 8], \"audio\": [31, 29, 30, 26, 28, 24, 25], \"epice\": [], \"tissu\": [], \"video\": [11, 12, 13, 14, 15, 16], \"argent\": [], \"disque\": [40, 39, 38, 32, 33, 34, 35, 36, 37], \"Bonus_3\": [47, 42, 43, 44, 41, 45, 46], \"Bonus_4\": [48, 51, 50, 52, 49, 53], \"Bonus_5\": [55, 58, 56, 57, 54], \"diamant\": []}'),
(11, 3, 3, '2018-10-26 11:24:09', '2', '{\"0\": 55, \"1\": 54, \"2\": 53, \"3\": 47, \"5\": 3}', '[5, 4, 22, 8, 23, 14, 50, 17, 37, 49, 15, 6, 21, 25, 46, 36, 31, 42, 26, 41, 19, 18, 29, 52, 16, 34, 30, 39, 24, 2, 43, 28, 33, 7, 51, 40, 1, 9, 35]', 0, 0, '[48, 10, 38, 13, 44, 12]', '[11, 20, 32, 45, 27]', '[]', '[]', '[]', '[]', 1, 0, 0, '{\"or\": [], \"app\": [23, 21, 22, 19, 20, 17, 18], \"cuir\": [], \"data\": [4, 5, 1, 2, 3], \"plan\": [9, 10, 6, 7, 8], \"audio\": [31, 29, 30, 26, 28, 24, 25], \"epice\": [], \"tissu\": [], \"video\": [11, 12, 13, 14, 15, 16], \"argent\": [], \"disque\": [40, 39, 38, 32, 33, 34, 35, 36, 37], \"Bonus_3\": [42, 44, 47, 41, 43, 46, 45], \"Bonus_4\": [49, 50, 51, 52, 48, 53], \"Bonus_5\": [54, 56, 57, 58, 55], \"diamant\": []}'),
(12, 3, 4, '2018-10-26 12:00:17', '2', '{\"0\": 55, \"1\": 54, \"2\": 53, \"4\": 1, \"5\": 3}', '[30, 4, 52, 46, 41, 47, 43, 27, 28, 6, 24, 20, 51, 5, 16, 50, 42, 45, 7, 13, 26, 11, 44, 10, 14, 19, 37, 18, 9, 48, 21, 15, 38, 23, 35, 39, 33, 8, 34]', 0, 0, '[2, 17, 32, 36, 12, 25]', '[49, 31, 22, 40, 29]', '[]', '[]', '[]', '[]', 1, 0, 0, '{\"or\": [], \"app\": [23, 21, 22, 19, 20, 17, 18], \"cuir\": [], \"data\": [4, 5, 1, 2, 3], \"plan\": [9, 10, 6, 7, 8], \"audio\": [31, 29, 30, 26, 28, 24, 25], \"epice\": [], \"tissu\": [], \"video\": [11, 12, 13, 14, 15, 16], \"argent\": [], \"disque\": [40, 39, 38, 32, 33, 34, 35, 36, 37], \"Bonus_3\": [42, 44, 47, 43, 41, 46, 45], \"Bonus_4\": [52, 48, 53, 51, 50, 49], \"Bonus_5\": [55, 54, 58, 56, 57], \"diamant\": []}'),
(13, 4, 3, '2018-10-28 12:24:46', '2', '{\"0\": 55, \"1\": 54, \"2\": 53, \"4\": 31, \"5\": 52}', '[48, 49, 43, 26, 38, 47, 35, 32, 15, 27, 50, 20, 33, 36, 18, 25, 4, 14, 21, 12, 28, 30, 10, 44, 51, 23, 45, 46, 11, 22, 7, 37, 9, 40, 19, 1, 39, 24, 13]', 0, 0, '[6, 3, 16, 41, 8, 5]', '[17, 29, 2, 34, 42]', '[]', '[]', '[]', '[]', 1, 0, 0, '{\"or\": [], \"app\": [23, 21, 22, 19, 20, 17, 18], \"cuir\": [], \"data\": [4, 5, 1, 2, 3], \"plan\": [9, 10, 6, 7, 8], \"audio\": [31, 29, 30, 26, 28, 24, 25], \"epice\": [], \"tissu\": [], \"video\": [11, 12, 13, 14, 15, 16], \"argent\": [], \"disque\": [40, 39, 38, 32, 33, 34, 35, 36, 37], \"Bonus_3\": [44, 41, 46, 47, 43, 45, 42], \"Bonus_4\": [49, 50, 48, 52, 51, 53], \"Bonus_5\": [57, 54, 56, 58, 55], \"diamant\": []}'),
(14, 3, 4, '2018-10-28 12:50:51', '2', '{\"1\": 54, \"2\": 53, \"3\": 10, \"4\": 40, \"5\": 33}', '[1, 42, 7, 31, 44, 4, 17, 38, 35, 12, 36, 13, 16, 9, 22, 6, 11, 52, 20, 26, 24, 50, 43, 41, 30, 19, 3, 45, 23, 2, 37, 29, 51, 21, 15, 5, 8, 47, 27]', 0, 0, '[34, 28, 55]', '[18, 39, 14, 25, 32]', '[48, 46, 49]', '[]', '[]', '[]', 1, 0, 0, '{\"or\": [], \"app\": [23, 21, 22, 19, 20, 17, 18], \"cuir\": [], \"data\": [4, 5, 1, 2, 3], \"plan\": [9, 10, 6, 7, 8], \"audio\": [31, 29, 30, 26, 28, 24, 25], \"epice\": [], \"tissu\": [], \"video\": [11, 12, 13, 14, 15, 16], \"argent\": [], \"disque\": [40, 39, 38, 32, 33, 34, 35, 36, 37], \"Bonus_3\": [42, 45, 47, 43, 46, 44, 41], \"Bonus_4\": [48, 51, 52, 49, 53, 50], \"Bonus_5\": [58, 55, 54, 57, 56], \"diamant\": []}'),
(15, 3, 3, '2018-10-28 13:04:06', '2', '{\"2\": 53, \"3\": 25, \"4\": 35, \"5\": 51, \"6\": 8}', '[21, 23, 41, 39, 45, 7, 52, 12, 34, 44, 18, 15, 2, 37, 40, 10, 6, 46, 32, 16, 43, 26, 31, 20, 38, 42, 14, 33, 48, 50, 11, 30, 19, 5, 27, 13, 1, 17]', 0, 0, '[28, 29, 22, 55, 54]', '[24, 4, 36, 9, 3]', '[47, 49]', '[]', '[]', '[]', 1, 0, 0, '{\"or\": [], \"app\": [23, 21, 22, 19, 20, 17, 18], \"cuir\": [], \"data\": [4, 5, 1, 2, 3], \"plan\": [9, 10, 6, 7, 8], \"audio\": [31, 29, 30, 26, 28, 24, 25], \"epice\": [], \"tissu\": [], \"video\": [11, 12, 13, 14, 15, 16], \"argent\": [], \"disque\": [40, 39, 38, 32, 33, 34, 35, 36, 37], \"Bonus_3\": [46, 45, 41, 43, 47, 44, 42], \"Bonus_4\": [51, 48, 50, 49, 53, 52], \"Bonus_5\": [56, 55, 58, 57, 54], \"diamant\": []}'),
(16, 3, 3, '2018-10-28 13:05:48', '1', '[55, 54, 53, 45, 5]', '[1, 28, 48, 41, 10, 32, 49, 42, 15, 43, 52, 17, 12, 2, 29, 39, 51, 11, 37, 38, 31, 33, 6, 19, 21, 9, 30, 36, 27, 13, 16, 7, 22, 25, 14, 24, 8, 40, 50, 46]', 0, 0, '[4, 34, 3, 20]', '[44, 23, 18, 26, 35]', '[47]', '[]', '[]', '[]', 1, 0, 0, '{\"or\": [], \"app\": [23, 21, 22, 19, 20, 17, 18], \"cuir\": [], \"data\": [4, 5, 1, 2, 3], \"plan\": [9, 10, 6, 7, 8], \"audio\": [31, 29, 30, 26, 28, 24, 25], \"epice\": [], \"tissu\": [], \"video\": [11, 12, 13, 14, 15, 16], \"argent\": [], \"disque\": [40, 39, 38, 32, 33, 34, 35, 36, 37], \"Bonus_3\": [43, 47, 45, 42, 41, 46, 44], \"Bonus_4\": [50, 48, 49, 51, 52, 53], \"Bonus_5\": [54, 57, 55, 56, 58], \"diamant\": []}'),
(17, 3, 3, '2018-10-28 13:05:49', '1', '[55, 54, 53, 13, 7]', '[10, 27, 37, 2, 4, 29, 12, 6, 49, 23, 40, 39, 1, 46, 48, 18, 24, 33, 16, 19, 41, 28, 31, 8, 25, 26, 3, 30, 42, 35, 5, 38, 14, 34, 52, 11, 50, 20, 15, 36]', 0, 0, '[17, 9, 21]', '[22, 43, 32, 44]', '[47, 51]', '[45]', '[]', '[]', 1, 0, 0, '{\"or\": [], \"app\": [23, 21, 22, 19, 20, 17, 18], \"cuir\": [], \"data\": [4, 5, 1, 2, 3], \"plan\": [9, 10, 6, 7, 8], \"audio\": [31, 29, 30, 26, 28, 24, 25], \"epice\": [], \"tissu\": [], \"video\": [11, 12, 13, 14, 15, 16], \"argent\": [], \"disque\": [40, 39, 38, 32, 33, 34, 35, 36, 37], \"Bonus_3\": [42, 45, 43, 44, 46, 47, 41], \"Bonus_4\": [50, 51, 53, 49, 52, 48], \"Bonus_5\": [54, 58, 57, 56, 55], \"diamant\": []}'),
(18, 3, 3, '2018-10-28 13:05:49', '1', '[55, 54, 53, 17, 18]', '[50, 3, 8, 13, 38, 20, 29, 4, 47, 34, 7, 22, 32, 10, 43, 42, 26, 25, 16, 15, 24, 52, 5, 21, 51, 2, 14, 6, 44, 45, 11, 28, 30, 46, 49, 48, 31, 27, 37, 23]', 0, 0, '[39, 1, 35, 40, 9]', '[41, 12, 36, 33, 19]', '[]', '[]', '[]', '[]', 1, 0, 0, '{\"or\": [], \"app\": [23, 21, 22, 19, 20, 17, 18], \"cuir\": [], \"data\": [4, 5, 1, 2, 3], \"plan\": [9, 10, 6, 7, 8], \"audio\": [31, 29, 30, 26, 28, 24, 25], \"epice\": [], \"tissu\": [], \"video\": [11, 12, 13, 14, 15, 16], \"argent\": [], \"disque\": [40, 39, 38, 32, 33, 34, 35, 36, 37], \"Bonus_3\": [47, 44, 42, 43, 46, 45, 41], \"Bonus_4\": [51, 52, 49, 50, 48, 53], \"Bonus_5\": [56, 54, 57, 55, 58], \"diamant\": []}'),
(19, 3, 3, '2018-10-28 13:05:50', '1', '[55, 54, 53, 25, 51]', '[48, 2, 37, 22, 30, 23, 38, 17, 33, 6, 46, 10, 20, 24, 4, 9, 47, 35, 27, 26, 3, 12, 39, 16, 52, 7, 11, 28, 5, 44, 14, 19, 18, 29, 15, 45, 13, 42, 43, 21]', 0, 0, '[32, 40, 31, 36, 34]', '[1, 8, 41]', '[]', '[50, 49]', '[]', '[]', 1, 0, 0, '{\"or\": [], \"app\": [23, 21, 22, 19, 20, 17, 18], \"cuir\": [], \"data\": [4, 5, 1, 2, 3], \"plan\": [9, 10, 6, 7, 8], \"audio\": [31, 29, 30, 26, 28, 24, 25], \"epice\": [], \"tissu\": [], \"video\": [11, 12, 13, 14, 15, 16], \"argent\": [], \"disque\": [40, 39, 38, 32, 33, 34, 35, 36, 37], \"Bonus_3\": [46, 43, 45, 44, 47, 41, 42], \"Bonus_4\": [53, 52, 49, 51, 50, 48], \"Bonus_5\": [54, 58, 57, 55, 56], \"diamant\": []}'),
(20, 3, 3, '2018-10-28 13:05:50', '2', '{\"1\": 54, \"2\": 53, \"3\": 43, \"4\": 25, \"5\": 22}', '[8, 39, 31, 12, 21, 33, 51, 2, 18, 5, 50, 34, 3, 35, 14, 10, 23, 45, 6, 20, 30, 9, 32, 47, 16, 46, 11, 49, 24, 27, 1, 26, 42, 13, 48, 52, 28, 15, 44]', 0, 0, '[36, 37, 19, 38, 7, 55]', '[40, 17, 41, 4, 29]', '[]', '[]', '[]', '[]', 1, 0, 0, '{\"or\": [], \"app\": [23, 21, 22, 19, 20, 17, 18], \"cuir\": [], \"data\": [4, 5, 1, 2, 3], \"plan\": [9, 10, 6, 7, 8], \"audio\": [31, 29, 30, 26, 28, 24, 25], \"epice\": [], \"tissu\": [], \"video\": [11, 12, 13, 14, 15, 16], \"argent\": [], \"disque\": [40, 39, 38, 32, 33, 34, 35, 36, 37], \"Bonus_3\": [46, 43, 47, 44, 42, 41, 45], \"Bonus_4\": [50, 51, 49, 52, 53, 48], \"Bonus_5\": [56, 55, 54, 58, 57], \"diamant\": []}'),
(21, 3, 3, '2018-10-28 13:05:51', '2', '{\"1\": 54, \"2\": 53, \"3\": 29, \"4\": 44, \"5\": 45}', '[9, 27, 19, 16, 20, 21, 47, 3, 17, 18, 33, 51, 25, 2, 30, 6, 4, 31, 13, 15, 12, 24, 49, 10, 39, 22, 34, 8, 23, 42, 32, 48, 43, 11, 5, 35, 1, 50, 38]', 0, 0, '[37, 28, 7, 26, 40, 55]', '[36, 41, 14]', '[]', '[52, 46]', '[]', '[]', 1, 0, 0, '{\"or\": [], \"app\": [23, 21, 22, 19, 20, 17, 18], \"cuir\": [], \"data\": [4, 5, 1, 2, 3], \"plan\": [9, 10, 6, 7, 8], \"audio\": [31, 29, 30, 26, 28, 24, 25], \"epice\": [], \"tissu\": [], \"video\": [11, 12, 13, 14, 15, 16], \"argent\": [], \"disque\": [40, 39, 38, 32, 33, 34, 35, 36, 37], \"Bonus_3\": [41, 47, 42, 44, 45, 43, 46], \"Bonus_4\": [53, 52, 48, 49, 51, 50], \"Bonus_5\": [54, 57, 56, 55, 58], \"diamant\": []}'),
(22, 3, 3, '2018-10-28 13:05:51', '2', '{\"0\": 55, \"1\": 54, \"2\": 53, \"3\": 18, \"5\": 49}', '[31, 46, 45, 25, 32, 9, 30, 10, 28, 44, 11, 50, 15, 20, 35, 47, 27, 5, 33, 2, 36, 1, 17, 14, 29, 4, 42, 37, 40, 19, 38, 13, 26, 24, 7, 22, 48, 8, 16]', 0, 0, '[21, 23, 43, 12, 34]', '[41, 3, 6, 39]', '[52]', '[51]', '[]', '[]', 1, 0, 0, '{\"or\": [], \"app\": [23, 21, 22, 19, 20, 17, 18], \"cuir\": [], \"data\": [4, 5, 1, 2, 3], \"plan\": [9, 10, 6, 7, 8], \"audio\": [31, 29, 30, 26, 28, 24, 25], \"epice\": [], \"tissu\": [], \"video\": [11, 12, 13, 14, 15, 16], \"argent\": [], \"disque\": [40, 39, 38, 32, 33, 34, 35, 36, 37], \"Bonus_3\": [44, 43, 46, 41, 42, 47, 45], \"Bonus_4\": [52, 49, 51, 53, 50, 48], \"Bonus_5\": [57, 54, 58, 55, 56], \"diamant\": []}'),
(23, 3, 3, '2018-10-28 13:05:51', '2', '{\"1\": 54, \"2\": 53, \"3\": 11, \"4\": 14, \"5\": 20}', '[13, 30, 18, 22, 6, 43, 12, 1, 42, 28, 51, 29, 23, 46, 9, 8, 38, 17, 33, 4, 27, 47, 15, 32, 35, 49, 26, 48, 16, 31, 50, 39, 2, 7, 3, 36, 5, 24, 40]', 0, 0, '[10, 25, 41, 37, 55]', '[21, 34, 44, 19]', '[52]', '[45]', '[]', '[]', 1, 0, 0, '{\"or\": [], \"app\": [23, 21, 22, 19, 20, 17, 18], \"cuir\": [], \"data\": [4, 5, 1, 2, 3], \"plan\": [9, 10, 6, 7, 8], \"audio\": [31, 29, 30, 26, 28, 24, 25], \"epice\": [], \"tissu\": [], \"video\": [11, 12, 13, 14, 15, 16], \"argent\": [], \"disque\": [40, 39, 38, 32, 33, 34, 35, 36, 37], \"Bonus_3\": [46, 45, 47, 42, 43, 41, 44], \"Bonus_4\": [49, 48, 52, 51, 53, 50], \"Bonus_5\": [55, 56, 57, 58, 54], \"diamant\": []}'),
(24, 3, 3, '2018-10-28 13:05:52', '2', '{\"3\": 29, \"4\": 12, \"5\": 8, \"6\": 31, \"7\": 51}', '[50, 46, 32, 38, 33, 30, 4, 45, 19, 36, 2, 22, 13, 20, 23, 34, 6, 14, 18, 40, 15, 24, 37, 10, 47, 42, 49, 28, 7, 16, 52, 1, 41, 5, 11, 9, 17]', 0, 0, '[26, 35, 3, 43, 55, 54, 53]', '[25, 44, 21, 27, 39]', '[48]', '[]', '[]', '[]', 1, 0, 0, '{\"or\": [], \"app\": [23, 21, 22, 19, 20, 17, 18], \"cuir\": [], \"data\": [4, 5, 1, 2, 3], \"plan\": [9, 10, 6, 7, 8], \"audio\": [31, 29, 30, 26, 28, 24, 25], \"epice\": [], \"tissu\": [], \"video\": [11, 12, 13, 14, 15, 16], \"argent\": [], \"disque\": [40, 39, 38, 32, 33, 34, 35, 36, 37], \"Bonus_3\": [45, 44, 41, 47, 46, 42, 43], \"Bonus_4\": [48, 53, 51, 52, 49, 50], \"Bonus_5\": [58, 55, 57, 56, 54], \"diamant\": []}'),
(25, 3, 3, '2018-10-28 13:05:52', '1', '{\"1\": 54, \"2\": 53, \"3\": 26, \"4\": 7, \"5\": 51}', '[23, 36, 21, 3, 32, 48, 38, 49, 42, 27, 17, 39, 41, 40, 35, 43, 13, 44, 11, 16, 6, 33, 9, 29, 30, 2, 45, 19, 52, 28, 31, 12, 22, 20, 34, 15, 24, 8, 10]', 0, 0, '[25, 18, 4, 1, 55]', '[37, 14, 5]', '[46]', '[50, 47]', '[]', '[]', 1, 0, 0, '{\"or\": [], \"app\": [23, 21, 22, 19, 20, 17, 18], \"cuir\": [], \"data\": [4, 5, 1, 2, 3], \"plan\": [9, 10, 6, 7, 8], \"audio\": [31, 29, 30, 26, 28, 24, 25], \"epice\": [], \"tissu\": [], \"video\": [11, 12, 13, 14, 15, 16], \"argent\": [], \"disque\": [40, 39, 38, 32, 33, 34, 35, 36, 37], \"Bonus_3\": [45, 46, 47, 43, 41, 42, 44], \"Bonus_4\": [48, 49, 52, 50, 53, 51], \"Bonus_5\": [54, 57, 58, 56, 55], \"diamant\": []}'),
(26, 3, 3, '2018-10-28 13:05:53', '1', '[55, 54, 53, 5, 45]', '[50, 6, 37, 39, 44, 27, 12, 7, 4, 21, 38, 9, 1, 14, 36, 22, 49, 2, 34, 13, 20, 42, 18, 3, 28, 10, 40, 30, 41, 52, 16, 46, 24, 32, 15, 8, 11, 31, 26, 48]', 0, 0, '[25, 17, 43, 19]', '[23, 33, 29, 35]', '[51]', '[47]', '[]', '[]', 1, 0, 0, '{\"or\": [], \"app\": [23, 21, 22, 19, 20, 17, 18], \"cuir\": [], \"data\": [4, 5, 1, 2, 3], \"plan\": [9, 10, 6, 7, 8], \"audio\": [31, 29, 30, 26, 28, 24, 25], \"epice\": [], \"tissu\": [], \"video\": [11, 12, 13, 14, 15, 16], \"argent\": [], \"disque\": [40, 39, 38, 32, 33, 34, 35, 36, 37], \"Bonus_3\": [45, 46, 43, 42, 47, 44, 41], \"Bonus_4\": [49, 50, 53, 51, 48, 52], \"Bonus_5\": [56, 58, 57, 55, 54], \"diamant\": []}'),
(27, 3, 3, '2018-10-28 13:05:53', '1', '[55, 54, 53, 36, 30]', '[12, 27, 51, 10, 25, 33, 20, 21, 43, 38, 32, 14, 40, 47, 50, 3, 6, 44, 4, 19, 16, 46, 9, 29, 45, 7, 28, 31, 42, 26, 15, 5, 8, 13, 24, 11, 35, 37, 23, 48]', 0, 0, '[39, 22, 2, 1, 18]', '[34, 41, 17]', '[]', '[49, 52]', '[]', '[]', 1, 0, 0, '{\"or\": [], \"app\": [23, 21, 22, 19, 20, 17, 18], \"cuir\": [], \"data\": [4, 5, 1, 2, 3], \"plan\": [9, 10, 6, 7, 8], \"audio\": [31, 29, 30, 26, 28, 24, 25], \"epice\": [], \"tissu\": [], \"video\": [11, 12, 13, 14, 15, 16], \"argent\": [], \"disque\": [40, 39, 38, 32, 33, 34, 35, 36, 37], \"Bonus_3\": [45, 46, 43, 41, 42, 44, 47], \"Bonus_4\": [49, 50, 53, 52, 48, 51], \"Bonus_5\": [54, 57, 55, 56, 58], \"diamant\": []}'),
(28, 3, 3, '2018-10-28 13:05:54', '1', '[55, 54, 53, 1, 17]', '[3, 50, 5, 7, 52, 20, 2, 14, 15, 16, 35, 42, 49, 43, 13, 19, 27, 47, 44, 12, 23, 34, 10, 18, 24, 11, 33, 26, 4, 9, 8, 41, 45, 48, 30, 51, 40, 37, 21, 25]', 0, 0, '[38, 22, 39, 31]', '[6, 28, 32, 29, 36]', '[46]', '[]', '[]', '[]', 1, 0, 0, '{\"or\": [], \"app\": [23, 21, 22, 19, 20, 17, 18], \"cuir\": [], \"data\": [4, 5, 1, 2, 3], \"plan\": [9, 10, 6, 7, 8], \"audio\": [31, 29, 30, 26, 28, 24, 25], \"epice\": [], \"tissu\": [], \"video\": [11, 12, 13, 14, 15, 16], \"argent\": [], \"disque\": [40, 39, 38, 32, 33, 34, 35, 36, 37], \"Bonus_3\": [47, 42, 45, 44, 43, 46, 41], \"Bonus_4\": [52, 48, 53, 49, 51, 50], \"Bonus_5\": [58, 54, 55, 56, 57], \"diamant\": []}'),
(29, 3, 3, '2018-10-28 13:05:54', '1', '[55, 54, 53, 18, 46]', '[43, 37, 49, 41, 48, 2, 15, 19, 11, 31, 25, 50, 29, 6, 26, 13, 24, 47, 14, 32, 9, 20, 28, 35, 38, 4, 30, 22, 8, 17, 51, 21, 23, 44, 10, 5, 16, 42, 3, 33]', 0, 0, '[34, 1, 39, 7]', '[12, 36, 27, 40]', '[52]', '[45]', '[]', '[]', 1, 0, 0, '{\"or\": [], \"app\": [23, 21, 22, 19, 20, 17, 18], \"cuir\": [], \"data\": [4, 5, 1, 2, 3], \"plan\": [9, 10, 6, 7, 8], \"audio\": [31, 29, 30, 26, 28, 24, 25], \"epice\": [], \"tissu\": [], \"video\": [11, 12, 13, 14, 15, 16], \"argent\": [], \"disque\": [40, 39, 38, 32, 33, 34, 35, 36, 37], \"Bonus_3\": [41, 43, 45, 46, 44, 42, 47], \"Bonus_4\": [53, 48, 51, 50, 49, 52], \"Bonus_5\": [54, 57, 56, 58, 55], \"diamant\": []}'),
(30, 3, 3, '2018-10-28 13:05:54', '1', '{\"3\": 49, \"4\": 2, \"5\": 52, \"6\": 16, \"7\": 5}', '[20, 46, 36, 32, 15, 48, 25, 30, 39, 13, 40, 21, 6, 11, 38, 45, 4, 19, 29, 10, 33, 1, 47, 14, 9, 26, 51, 44, 22, 3, 42, 28, 35, 34, 8, 23, 41]', 0, 0, '[18, 12, 43, 31, 55, 54, 53]', '[37, 7, 17, 27, 24]', '[50]', '[]', '[]', '[]', 1, 0, 0, '{\"or\": [], \"app\": [23, 21, 22, 19, 20, 17, 18], \"cuir\": [], \"data\": [4, 5, 1, 2, 3], \"plan\": [9, 10, 6, 7, 8], \"audio\": [31, 29, 30, 26, 28, 24, 25], \"epice\": [], \"tissu\": [], \"video\": [11, 12, 13, 14, 15, 16], \"argent\": [], \"disque\": [40, 39, 38, 32, 33, 34, 35, 36, 37], \"Bonus_3\": [45, 47, 42, 43, 44, 46, 41], \"Bonus_4\": [48, 51, 53, 49, 50, 52], \"Bonus_5\": [57, 56, 54, 58, 55], \"diamant\": []}'),
(31, 3, 3, '2018-10-28 13:05:55', '1', '[55, 54, 53, 11, 25]', '[36, 49, 21, 39, 3, 15, 29, 1, 48, 27, 45, 23, 18, 6, 42, 31, 40, 41, 51, 8, 38, 37, 7, 17, 10, 20, 28, 34, 35, 13, 30, 5, 50, 46, 43, 22, 16, 24, 52, 19]', 0, 0, '[4, 9, 26, 32, 14]', '[33, 44, 12, 2]', '[]', '[47]', '[]', '[]', 1, 0, 0, '{\"or\": [], \"app\": [23, 21, 22, 19, 20, 17, 18], \"cuir\": [], \"data\": [4, 5, 1, 2, 3], \"plan\": [9, 10, 6, 7, 8], \"audio\": [31, 29, 30, 26, 28, 24, 25], \"epice\": [], \"tissu\": [], \"video\": [11, 12, 13, 14, 15, 16], \"argent\": [], \"disque\": [40, 39, 38, 32, 33, 34, 35, 36, 37], \"Bonus_3\": [46, 44, 41, 43, 45, 47, 42], \"Bonus_4\": [52, 53, 49, 51, 48, 50], \"Bonus_5\": [56, 58, 57, 54, 55], \"diamant\": []}'),
(32, 3, 3, '2018-10-28 13:05:56', '1', '[55, 54, 53, 52, 9]', '[37, 27, 40, 12, 7, 24, 47, 14, 5, 19, 18, 43, 48, 46, 1, 38, 34, 4, 15, 13, 8, 41, 35, 16, 22, 31, 2, 20, 6, 23, 32, 51, 10, 50, 3, 36, 25, 21, 49, 11]', 0, 0, '[26, 17, 44, 33, 30]', '[42, 28, 29, 39]', '[]', '[45]', '[]', '[]', 1, 0, 0, '{\"or\": [], \"app\": [23, 21, 22, 19, 20, 17, 18], \"cuir\": [], \"data\": [4, 5, 1, 2, 3], \"plan\": [9, 10, 6, 7, 8], \"audio\": [31, 29, 30, 26, 28, 24, 25], \"epice\": [], \"tissu\": [], \"video\": [11, 12, 13, 14, 15, 16], \"argent\": [], \"disque\": [40, 39, 38, 32, 33, 34, 35, 36, 37], \"Bonus_3\": [47, 44, 42, 41, 43, 46, 45], \"Bonus_4\": [50, 48, 52, 53, 51, 49], \"Bonus_5\": [55, 58, 54, 56, 57], \"diamant\": []}'),
(33, 3, 3, '2018-10-28 13:05:56', '1', '[55, 54, 53, 17, 2]', '[16, 26, 1, 9, 51, 39, 27, 41, 19, 21, 38, 50, 3, 28, 43, 45, 49, 14, 33, 22, 40, 4, 25, 8, 42, 5, 52, 37, 6, 29, 44, 23, 47, 11, 30, 36, 13, 34, 20, 35]', 0, 0, '[18, 15, 32, 12, 7]', '[31, 24, 10]', '[]', '[46, 48]', '[]', '[]', 1, 0, 0, '{\"or\": [], \"app\": [23, 21, 22, 19, 20, 17, 18], \"cuir\": [], \"data\": [4, 5, 1, 2, 3], \"plan\": [9, 10, 6, 7, 8], \"audio\": [31, 29, 30, 26, 28, 24, 25], \"epice\": [], \"tissu\": [], \"video\": [11, 12, 13, 14, 15, 16], \"argent\": [], \"disque\": [40, 39, 38, 32, 33, 34, 35, 36, 37], \"Bonus_3\": [47, 42, 41, 44, 43, 46, 45], \"Bonus_4\": [51, 50, 48, 52, 49, 53], \"Bonus_5\": [57, 55, 56, 54, 58], \"diamant\": []}'),
(34, 3, 3, '2018-10-28 13:05:57', '1', '[55, 54, 53, 13, 8]', '[48, 4, 36, 38, 22, 28, 14, 2, 34, 35, 18, 41, 15, 20, 11, 17, 52, 46, 49, 39, 6, 23, 29, 3, 24, 51, 44, 45, 31, 16, 12, 43, 9, 25, 1, 47, 40, 26, 32, 42]', 0, 0, '[33, 7, 10, 30, 37]', '[21, 27, 19, 5]', '[]', '[50]', '[]', '[]', 1, 0, 0, '{\"or\": [], \"app\": [23, 21, 22, 19, 20, 17, 18], \"cuir\": [], \"data\": [4, 5, 1, 2, 3], \"plan\": [9, 10, 6, 7, 8], \"audio\": [31, 29, 30, 26, 28, 24, 25], \"epice\": [], \"tissu\": [], \"video\": [11, 12, 13, 14, 15, 16], \"argent\": [], \"disque\": [40, 39, 38, 32, 33, 34, 35, 36, 37], \"Bonus_3\": [43, 41, 46, 45, 47, 42, 44], \"Bonus_4\": [51, 49, 48, 53, 50, 52], \"Bonus_5\": [54, 57, 55, 58, 56], \"diamant\": []}'),
(35, 3, 3, '2018-10-28 13:05:57', '1', '[55, 54, 53, 41, 33]', '[11, 7, 48, 46, 47, 20, 8, 27, 12, 31, 1, 32, 22, 5, 44, 28, 25, 18, 4, 50, 13, 37, 26, 30, 40, 51, 14, 23, 3, 16, 36, 52, 42, 21, 2, 35, 39, 34, 49, 38]', 0, 0, '[24, 9, 19, 6, 29]', '[17, 10, 15, 43]', '[]', '[45]', '[]', '[]', 1, 0, 0, '{\"or\": [], \"app\": [23, 21, 22, 19, 20, 17, 18], \"cuir\": [], \"data\": [4, 5, 1, 2, 3], \"plan\": [9, 10, 6, 7, 8], \"audio\": [31, 29, 30, 26, 28, 24, 25], \"epice\": [], \"tissu\": [], \"video\": [11, 12, 13, 14, 15, 16], \"argent\": [], \"disque\": [40, 39, 38, 32, 33, 34, 35, 36, 37], \"Bonus_3\": [41, 43, 45, 47, 46, 44, 42], \"Bonus_4\": [51, 48, 50, 53, 52, 49], \"Bonus_5\": [55, 58, 54, 57, 56], \"diamant\": []}'),
(36, 3, 3, '2018-10-28 13:05:58', '1', '[55, 54, 53, 26, 51]', '[46, 15, 19, 11, 23, 22, 49, 48, 8, 32, 25, 14, 39, 28, 1, 35, 30, 9, 5, 29, 52, 33, 12, 50, 21, 18, 24, 47, 7, 42, 2, 43, 31, 17, 41, 34, 38, 3, 37, 27]', 0, 0, '[40, 13, 6, 16]', '[10, 4, 36, 44, 20]', '[45]', '[]', '[]', '[]', 1, 0, 0, '{\"or\": [], \"app\": [23, 21, 22, 19, 20, 17, 18], \"cuir\": [], \"data\": [4, 5, 1, 2, 3], \"plan\": [9, 10, 6, 7, 8], \"audio\": [31, 29, 30, 26, 28, 24, 25], \"epice\": [], \"tissu\": [], \"video\": [11, 12, 13, 14, 15, 16], \"argent\": [], \"disque\": [40, 39, 38, 32, 33, 34, 35, 36, 37], \"Bonus_3\": [42, 45, 44, 41, 46, 47, 43], \"Bonus_4\": [48, 50, 51, 53, 49, 52], \"Bonus_5\": [56, 55, 58, 57, 54], \"diamant\": []}'),
(37, 3, 3, '2018-10-28 13:05:58', '1', '[55, 54, 53, 25, 8]', '[46, 40, 18, 17, 51, 32, 12, 20, 49, 48, 27, 13, 15, 34, 38, 4, 31, 33, 26, 28, 43, 1, 29, 5, 36, 19, 30, 42, 11, 3, 14, 24, 22, 50, 9, 37, 39, 47, 6, 23]', 0, 0, '[21, 44, 16, 41]', '[10, 35, 2, 7]', '[45]', '[52]', '[]', '[]', 1, 0, 0, '{\"or\": [], \"app\": [23, 21, 22, 19, 20, 17, 18], \"cuir\": [], \"data\": [4, 5, 1, 2, 3], \"plan\": [9, 10, 6, 7, 8], \"audio\": [31, 29, 30, 26, 28, 24, 25], \"epice\": [], \"tissu\": [], \"video\": [11, 12, 13, 14, 15, 16], \"argent\": [], \"disque\": [40, 39, 38, 32, 33, 34, 35, 36, 37], \"Bonus_3\": [43, 46, 47, 42, 41, 45, 44], \"Bonus_4\": [50, 53, 49, 48, 51, 52], \"Bonus_5\": [54, 58, 57, 55, 56], \"diamant\": []}'),
(38, 3, 3, '2018-10-28 13:05:59', '1', '[55, 54, 53, 14, 51]', '[3, 40, 36, 47, 45, 33, 16, 37, 20, 21, 22, 1, 10, 43, 17, 24, 25, 52, 39, 11, 19, 9, 46, 13, 44, 42, 15, 26, 6, 41, 27, 18, 50, 34, 38, 48, 8, 7, 23, 35]', 0, 0, '[30, 31, 32, 2, 29]', '[4, 5, 28, 12]', '[]', '[49]', '[]', '[]', 1, 0, 0, '{\"or\": [], \"app\": [23, 21, 22, 19, 20, 17, 18], \"cuir\": [], \"data\": [4, 5, 1, 2, 3], \"plan\": [9, 10, 6, 7, 8], \"audio\": [31, 29, 30, 26, 28, 24, 25], \"epice\": [], \"tissu\": [], \"video\": [11, 12, 13, 14, 15, 16], \"argent\": [], \"disque\": [40, 39, 38, 32, 33, 34, 35, 36, 37], \"Bonus_3\": [45, 46, 43, 47, 42, 41, 44], \"Bonus_4\": [48, 49, 52, 50, 53, 51], \"Bonus_5\": [56, 54, 58, 57, 55], \"diamant\": []}'),
(39, 3, 3, '2018-10-28 13:06:00', '1', '[55, 54, 53, 51, 35]', '[25, 31, 46, 27, 19, 8, 45, 50, 13, 16, 6, 40, 49, 29, 14, 23, 34, 9, 12, 47, 7, 43, 10, 39, 22, 15, 33, 1, 36, 11, 38, 28, 17, 24, 20, 44, 42, 4, 3, 37]', 0, 0, '[32, 2, 41, 30]', '[21, 5, 18, 26]', '[52]', '[48]', '[]', '[]', 1, 0, 0, '{\"or\": [], \"app\": [23, 21, 22, 19, 20, 17, 18], \"cuir\": [], \"data\": [4, 5, 1, 2, 3], \"plan\": [9, 10, 6, 7, 8], \"audio\": [31, 29, 30, 26, 28, 24, 25], \"epice\": [], \"tissu\": [], \"video\": [11, 12, 13, 14, 15, 16], \"argent\": [], \"disque\": [40, 39, 38, 32, 33, 34, 35, 36, 37], \"Bonus_3\": [44, 45, 41, 43, 47, 42, 46], \"Bonus_4\": [49, 48, 51, 53, 50, 52], \"Bonus_5\": [57, 56, 54, 55, 58], \"diamant\": []}'),
(40, 3, 3, '2018-10-28 13:06:01', '1', '[55, 54, 53, 1, 21]', '[31, 10, 34, 41, 19, 44, 23, 40, 50, 18, 26, 11, 12, 39, 48, 17, 52, 28, 29, 36, 6, 24, 3, 9, 43, 33, 37, 38, 20, 25, 49, 7, 30, 16, 32, 5, 13, 27, 46, 47]', 0, 0, '[8, 35, 2, 4]', '[15, 42, 14, 22]', '[51]', '[45]', '[]', '[]', 1, 0, 0, '{\"or\": [], \"app\": [23, 21, 22, 19, 20, 17, 18], \"cuir\": [], \"data\": [4, 5, 1, 2, 3], \"plan\": [9, 10, 6, 7, 8], \"audio\": [31, 29, 30, 26, 28, 24, 25], \"epice\": [], \"tissu\": [], \"video\": [11, 12, 13, 14, 15, 16], \"argent\": [], \"disque\": [40, 39, 38, 32, 33, 34, 35, 36, 37], \"Bonus_3\": [46, 45, 44, 42, 43, 47, 41], \"Bonus_4\": [49, 48, 51, 53, 50, 52], \"Bonus_5\": [54, 57, 55, 58, 56], \"diamant\": []}'),
(41, 3, 3, '2018-10-28 13:06:01', '1', '[55, 54, 53, 36, 13]', '[5, 47, 10, 45, 6, 28, 51, 49, 22, 18, 25, 9, 8, 34, 40, 52, 32, 11, 26, 44, 29, 27, 48, 42, 23, 19, 16, 3, 31, 15, 2, 35, 21, 12, 7, 39, 41, 17, 24, 38]', 0, 0, '[4, 33, 14]', '[20, 30, 43, 1, 37]', '[46, 50]', '[]', '[]', '[]', 1, 0, 0, '{\"or\": [], \"app\": [23, 21, 22, 19, 20, 17, 18], \"cuir\": [], \"data\": [4, 5, 1, 2, 3], \"plan\": [9, 10, 6, 7, 8], \"audio\": [31, 29, 30, 26, 28, 24, 25], \"epice\": [], \"tissu\": [], \"video\": [11, 12, 13, 14, 15, 16], \"argent\": [], \"disque\": [40, 39, 38, 32, 33, 34, 35, 36, 37], \"Bonus_3\": [44, 47, 45, 43, 46, 42, 41], \"Bonus_4\": [51, 48, 50, 52, 53, 49], \"Bonus_5\": [57, 54, 55, 58, 56], \"diamant\": []}'),
(42, 3, 3, '2018-10-28 13:06:02', '1', '[55, 54, 53, 23, 3]', '[15, 6, 24, 12, 10, 25, 4, 48, 22, 7, 41, 20, 31, 19, 18, 1, 37, 27, 33, 14, 32, 21, 38, 34, 28, 2, 42, 13, 50, 11, 29, 16, 30, 45, 26, 36, 52, 44, 43, 9]', 0, 0, '[40, 5]', '[17, 39, 35, 8]', '[47, 49, 46]', '[51]', '[]', '[]', 1, 0, 0, '{\"or\": [], \"app\": [23, 21, 22, 19, 20, 17, 18], \"cuir\": [], \"data\": [4, 5, 1, 2, 3], \"plan\": [9, 10, 6, 7, 8], \"audio\": [31, 29, 30, 26, 28, 24, 25], \"epice\": [], \"tissu\": [], \"video\": [11, 12, 13, 14, 15, 16], \"argent\": [], \"disque\": [40, 39, 38, 32, 33, 34, 35, 36, 37], \"Bonus_3\": [43, 46, 41, 42, 44, 47, 45], \"Bonus_4\": [48, 53, 51, 52, 50, 49], \"Bonus_5\": [58, 56, 55, 54, 57], \"diamant\": []}'),
(43, 3, 3, '2018-10-28 13:06:02', '1', '[55, 54, 53, 38, 11]', '[46, 32, 7, 27, 18, 28, 5, 34, 49, 39, 41, 2, 29, 9, 36, 33, 45, 10, 26, 30, 23, 16, 40, 22, 4, 13, 8, 47, 31, 25, 6, 42, 24, 12, 19, 52, 21, 44, 17, 14]', 0, 0, '[20, 15, 3]', '[1, 35, 37, 43]', '[48, 51]', '[50]', '[]', '[]', 1, 0, 0, '{\"or\": [], \"app\": [23, 21, 22, 19, 20, 17, 18], \"cuir\": [], \"data\": [4, 5, 1, 2, 3], \"plan\": [9, 10, 6, 7, 8], \"audio\": [31, 29, 30, 26, 28, 24, 25], \"epice\": [], \"tissu\": [], \"video\": [11, 12, 13, 14, 15, 16], \"argent\": [], \"disque\": [40, 39, 38, 32, 33, 34, 35, 36, 37], \"Bonus_3\": [42, 45, 44, 47, 46, 41, 43], \"Bonus_4\": [50, 53, 52, 49, 51, 48], \"Bonus_5\": [55, 57, 58, 54, 56], \"diamant\": []}'),
(44, 3, 3, '2018-10-28 13:06:02', '1', '[55, 54, 53, 10, 15]', '[48, 37, 44, 32, 30, 4, 12, 25, 17, 6, 27, 33, 16, 38, 3, 1, 8, 22, 41, 29, 21, 24, 47, 26, 45, 36, 49, 35, 13, 51, 42, 14, 39, 46, 20, 9, 31, 18, 52, 43]', 0, 0, '[5, 11, 23, 34, 19]', '[7, 40, 2, 28]', '[]', '[50]', '[]', '[]', 1, 0, 0, '{\"or\": [], \"app\": [23, 21, 22, 19, 20, 17, 18], \"cuir\": [], \"data\": [4, 5, 1, 2, 3], \"plan\": [9, 10, 6, 7, 8], \"audio\": [31, 29, 30, 26, 28, 24, 25], \"epice\": [], \"tissu\": [], \"video\": [11, 12, 13, 14, 15, 16], \"argent\": [], \"disque\": [40, 39, 38, 32, 33, 34, 35, 36, 37], \"Bonus_3\": [44, 43, 41, 46, 42, 47, 45], \"Bonus_4\": [53, 50, 52, 49, 48, 51], \"Bonus_5\": [57, 58, 54, 56, 55], \"diamant\": []}'),
(45, 3, 3, '2018-10-28 13:06:03', '1', '[55, 54, 53, 51, 21]', '[44, 37, 4, 3, 16, 20, 12, 27, 49, 2, 1, 24, 52, 47, 36, 40, 23, 31, 48, 45, 30, 17, 29, 13, 42, 22, 50, 15, 34, 38, 46, 35, 41, 43, 32, 14, 6, 5, 9, 19]', 0, 0, '[10, 18, 8, 25, 11]', '[26, 28, 39, 7, 33]', '[]', '[]', '[]', '[]', 1, 0, 0, '{\"or\": [], \"app\": [23, 21, 22, 19, 20, 17, 18], \"cuir\": [], \"data\": [4, 5, 1, 2, 3], \"plan\": [9, 10, 6, 7, 8], \"audio\": [31, 29, 30, 26, 28, 24, 25], \"epice\": [], \"tissu\": [], \"video\": [11, 12, 13, 14, 15, 16], \"argent\": [], \"disque\": [40, 39, 38, 32, 33, 34, 35, 36, 37], \"Bonus_3\": [44, 46, 43, 45, 47, 41, 42], \"Bonus_4\": [52, 49, 53, 50, 51, 48], \"Bonus_5\": [58, 54, 57, 56, 55], \"diamant\": []}'),
(46, 3, 3, '2018-10-28 13:06:04', '1', '[55, 54, 53, 24, 13]', '[2, 51, 48, 49, 34, 25, 6, 19, 41, 47, 15, 12, 35, 23, 43, 11, 5, 10, 33, 28, 40, 32, 37, 52, 14, 42, 45, 3, 1, 20, 21, 26, 8, 29, 38, 36, 27, 44, 4, 18]', 0, 0, '[17, 9, 22, 31, 30]', '[7, 16, 39]', '[]', '[46, 50]', '[]', '[]', 1, 0, 0, '{\"or\": [], \"app\": [23, 21, 22, 19, 20, 17, 18], \"cuir\": [], \"data\": [4, 5, 1, 2, 3], \"plan\": [9, 10, 6, 7, 8], \"audio\": [31, 29, 30, 26, 28, 24, 25], \"epice\": [], \"tissu\": [], \"video\": [11, 12, 13, 14, 15, 16], \"argent\": [], \"disque\": [40, 39, 38, 32, 33, 34, 35, 36, 37], \"Bonus_3\": [42, 45, 47, 43, 44, 41, 46], \"Bonus_4\": [51, 52, 50, 53, 49, 48], \"Bonus_5\": [58, 55, 54, 56, 57], \"diamant\": []}'),
(47, 3, 3, '2018-10-28 13:06:04', '1', '[55, 54, 53, 39, 4]', '[15, 52, 24, 38, 50, 18, 44, 47, 2, 29, 14, 40, 17, 6, 37, 34, 1, 16, 49, 19, 3, 9, 27, 32, 45, 23, 26, 35, 5, 42, 46, 22, 36, 13, 28, 8, 51, 48, 12, 20]', 0, 0, '[31, 43, 21, 7, 25]', '[30, 41, 11, 33, 10]', '[]', '[]', '[]', '[]', 1, 0, 0, '{\"or\": [], \"app\": [23, 21, 22, 19, 20, 17, 18], \"cuir\": [], \"data\": [4, 5, 1, 2, 3], \"plan\": [9, 10, 6, 7, 8], \"audio\": [31, 29, 30, 26, 28, 24, 25], \"epice\": [], \"tissu\": [], \"video\": [11, 12, 13, 14, 15, 16], \"argent\": [], \"disque\": [40, 39, 38, 32, 33, 34, 35, 36, 37], \"Bonus_3\": [46, 42, 43, 47, 45, 41, 44], \"Bonus_4\": [51, 50, 53, 52, 49, 48], \"Bonus_5\": [55, 54, 57, 56, 58], \"diamant\": []}'),
(48, 3, 3, '2018-10-28 13:06:05', '1', '[55, 54, 53, 7, 3]', '[41, 44, 17, 31, 35, 18, 10, 20, 47, 13, 6, 14, 11, 4, 2, 1, 37, 19, 9, 40, 49, 30, 29, 33, 22, 50, 52, 48, 24, 45, 27, 43, 28, 12, 15, 42, 36, 46, 21, 34]', 0, 0, '[25, 32, 8, 16, 38]', '[5, 39, 26, 23]', '[]', '[51]', '[]', '[]', 1, 0, 0, '{\"or\": [], \"app\": [23, 21, 22, 19, 20, 17, 18], \"cuir\": [], \"data\": [4, 5, 1, 2, 3], \"plan\": [9, 10, 6, 7, 8], \"audio\": [31, 29, 30, 26, 28, 24, 25], \"epice\": [], \"tissu\": [], \"video\": [11, 12, 13, 14, 15, 16], \"argent\": [], \"disque\": [40, 39, 38, 32, 33, 34, 35, 36, 37], \"Bonus_3\": [44, 42, 47, 41, 43, 46, 45], \"Bonus_4\": [52, 50, 51, 49, 48, 53], \"Bonus_5\": [56, 54, 55, 57, 58], \"diamant\": []}'),
(49, 3, 3, '2018-10-28 13:06:05', '1', '[55, 54, 53, 52, 21]', '[38, 13, 2, 41, 11, 42, 1, 37, 12, 44, 34, 8, 6, 48, 33, 7, 14, 29, 16, 50, 19, 23, 18, 26, 15, 28, 25, 22, 49, 4, 24, 40, 45, 51, 10, 20, 30, 39, 46, 5]', 0, 0, '[35, 3, 9, 17, 27]', '[31, 43, 32, 36]', '[]', '[47]', '[]', '[]', 1, 0, 0, '{\"or\": [], \"app\": [23, 21, 22, 19, 20, 17, 18], \"cuir\": [], \"data\": [4, 5, 1, 2, 3], \"plan\": [9, 10, 6, 7, 8], \"audio\": [31, 29, 30, 26, 28, 24, 25], \"epice\": [], \"tissu\": [], \"video\": [11, 12, 13, 14, 15, 16], \"argent\": [], \"disque\": [40, 39, 38, 32, 33, 34, 35, 36, 37], \"Bonus_3\": [44, 46, 47, 45, 41, 42, 43], \"Bonus_4\": [51, 50, 53, 52, 49, 48], \"Bonus_5\": [54, 57, 56, 58, 55], \"diamant\": []}'),
(50, 3, 3, '2018-10-28 13:06:06', '1', '[55, 54, 53, 43, 11]', '[42, 41, 14, 16, 36, 4, 50, 34, 15, 10, 49, 44, 19, 26, 8, 39, 17, 21, 46, 30, 12, 32, 27, 47, 7, 28, 24, 31, 35, 38, 6, 40, 23, 33, 3, 9, 22, 52, 25, 29]', 0, 0, '[37, 5, 13]', '[1, 2, 18, 20]', '[48, 51]', '[45]', '[]', '[]', 1, 0, 0, '{\"or\": [], \"app\": [23, 21, 22, 19, 20, 17, 18], \"cuir\": [], \"data\": [4, 5, 1, 2, 3], \"plan\": [9, 10, 6, 7, 8], \"audio\": [31, 29, 30, 26, 28, 24, 25], \"epice\": [], \"tissu\": [], \"video\": [11, 12, 13, 14, 15, 16], \"argent\": [], \"disque\": [40, 39, 38, 32, 33, 34, 35, 36, 37], \"Bonus_3\": [45, 42, 43, 41, 44, 46, 47], \"Bonus_4\": [49, 53, 52, 48, 51, 50], \"Bonus_5\": [58, 57, 54, 55, 56], \"diamant\": []}'),
(51, 3, 3, '2018-10-28 13:06:06', '1', '[55, 54, 53, 15, 6]', '[38, 50, 9, 3, 27, 1, 49, 32, 44, 46, 11, 30, 26, 51, 34, 12, 36, 4, 19, 25, 13, 8, 17, 43, 42, 10, 48, 52, 7, 18, 39, 22, 5, 24, 28, 14, 37, 21, 2, 23]', 0, 0, '[41, 31, 29, 35, 33]', '[20, 16, 40]', '[]', '[45, 47]', '[]', '[]', 1, 0, 0, '{\"or\": [], \"app\": [23, 21, 22, 19, 20, 17, 18], \"cuir\": [], \"data\": [4, 5, 1, 2, 3], \"plan\": [9, 10, 6, 7, 8], \"audio\": [31, 29, 30, 26, 28, 24, 25], \"epice\": [], \"tissu\": [], \"video\": [11, 12, 13, 14, 15, 16], \"argent\": [], \"disque\": [40, 39, 38, 32, 33, 34, 35, 36, 37], \"Bonus_3\": [42, 46, 43, 47, 45, 41, 44], \"Bonus_4\": [52, 48, 51, 53, 50, 49], \"Bonus_5\": [55, 57, 58, 54, 56], \"diamant\": []}'),
(52, 3, 3, '2018-10-28 13:06:07', '1', '[55, 54, 53, 43, 42]', '[24, 8, 33, 16, 9, 36, 29, 27, 25, 37, 6, 17, 50, 12, 18, 15, 28, 20, 31, 22, 5, 34, 46, 30, 2, 23, 40, 4, 14, 13, 44, 41, 26, 7, 38, 47, 1, 19, 52, 11]', 0, 0, '[32, 39, 21]', '[3, 10, 35]', '[51, 45]', '[48, 49]', '[]', '[]', 1, 0, 0, '{\"or\": [], \"app\": [23, 21, 22, 19, 20, 17, 18], \"cuir\": [], \"data\": [4, 5, 1, 2, 3], \"plan\": [9, 10, 6, 7, 8], \"audio\": [31, 29, 30, 26, 28, 24, 25], \"epice\": [], \"tissu\": [], \"video\": [11, 12, 13, 14, 15, 16], \"argent\": [], \"disque\": [40, 39, 38, 32, 33, 34, 35, 36, 37], \"Bonus_3\": [46, 42, 44, 43, 47, 45, 41], \"Bonus_4\": [49, 51, 48, 53, 50, 52], \"Bonus_5\": [54, 55, 58, 56, 57], \"diamant\": []}'),
(53, 3, 3, '2018-10-28 13:06:08', '1', '[55, 54, 53, 5, 32]', '[42, 1, 3, 51, 21, 24, 36, 50, 8, 17, 29, 40, 26, 16, 13, 4, 37, 2, 34, 6, 15, 44, 22, 38, 7, 20, 52, 25, 45, 31, 11, 27, 35, 10, 47, 41, 48, 18, 33, 23]', 0, 0, '[12, 43, 19, 30]', '[28, 9, 39, 14]', '[49]', '[46]', '[]', '[]', 1, 0, 0, '{\"or\": [], \"app\": [23, 21, 22, 19, 20, 17, 18], \"cuir\": [], \"data\": [4, 5, 1, 2, 3], \"plan\": [9, 10, 6, 7, 8], \"audio\": [31, 29, 30, 26, 28, 24, 25], \"epice\": [], \"tissu\": [], \"video\": [11, 12, 13, 14, 15, 16], \"argent\": [], \"disque\": [40, 39, 38, 32, 33, 34, 35, 36, 37], \"Bonus_3\": [43, 42, 41, 45, 44, 46, 47], \"Bonus_4\": [51, 49, 53, 48, 50, 52], \"Bonus_5\": [55, 54, 58, 56, 57], \"diamant\": []}'),
(54, 3, 3, '2018-10-28 13:06:08', '1', '[55, 54, 53, 40, 46]', '[13, 15, 2, 49, 3, 20, 4, 29, 37, 21, 52, 36, 44, 43, 6, 26, 38, 22, 28, 14, 12, 10, 19, 39, 5, 41, 17, 34, 11, 8, 23, 25, 31, 18, 47, 45, 27, 48, 1, 9]', 0, 0, '[24, 35, 16, 32]', '[42, 30, 7, 33]', '[50]', '[51]', '[]', '[]', 1, 0, 0, '{\"or\": [], \"app\": [23, 21, 22, 19, 20, 17, 18], \"cuir\": [], \"data\": [4, 5, 1, 2, 3], \"plan\": [9, 10, 6, 7, 8], \"audio\": [31, 29, 30, 26, 28, 24, 25], \"epice\": [], \"tissu\": [], \"video\": [11, 12, 13, 14, 15, 16], \"argent\": [], \"disque\": [40, 39, 38, 32, 33, 34, 35, 36, 37], \"Bonus_3\": [47, 42, 45, 46, 41, 43, 44], \"Bonus_4\": [48, 53, 50, 52, 51, 49], \"Bonus_5\": [57, 58, 54, 55, 56], \"diamant\": []}'),
(55, 3, 3, '2018-10-28 13:06:09', '1', '[55, 54, 53, 2, 5]', '[29, 4, 27, 6, 49, 37, 20, 45, 44, 50, 10, 47, 13, 39, 38, 9, 1, 23, 11, 36, 25, 28, 14, 26, 12, 33, 35, 46, 18, 31, 32, 30, 41, 51, 22, 3, 40, 24, 42, 43]', 0, 0, '[7, 16, 17, 34]', '[8, 15, 19, 21]', '[52]', '[48]', '[]', '[]', 1, 0, 0, '{\"or\": [], \"app\": [23, 21, 22, 19, 20, 17, 18], \"cuir\": [], \"data\": [4, 5, 1, 2, 3], \"plan\": [9, 10, 6, 7, 8], \"audio\": [31, 29, 30, 26, 28, 24, 25], \"epice\": [], \"tissu\": [], \"video\": [11, 12, 13, 14, 15, 16], \"argent\": [], \"disque\": [40, 39, 38, 32, 33, 34, 35, 36, 37], \"Bonus_3\": [43, 44, 41, 45, 42, 47, 46], \"Bonus_4\": [49, 48, 50, 53, 52, 51], \"Bonus_5\": [57, 56, 58, 55, 54], \"diamant\": []}'),
(56, 3, 3, '2018-10-28 13:06:09', '1', '[55, 54, 53, 39, 32]', '[50, 44, 4, 15, 37, 18, 22, 27, 43, 25, 38, 17, 16, 28, 8, 51, 48, 45, 2, 49, 11, 20, 21, 6, 23, 12, 47, 30, 24, 52, 5, 3, 35, 41, 13, 42, 36, 34, 19, 1]', 0, 0, '[26, 10, 9, 29]', '[33, 7, 31, 14, 40]', '[46]', '[]', '[]', '[]', 1, 0, 0, '{\"or\": [], \"app\": [23, 21, 22, 19, 20, 17, 18], \"cuir\": [], \"data\": [4, 5, 1, 2, 3], \"plan\": [9, 10, 6, 7, 8], \"audio\": [31, 29, 30, 26, 28, 24, 25], \"epice\": [], \"tissu\": [], \"video\": [11, 12, 13, 14, 15, 16], \"argent\": [], \"disque\": [40, 39, 38, 32, 33, 34, 35, 36, 37], \"Bonus_3\": [46, 44, 42, 45, 41, 47, 43], \"Bonus_4\": [48, 50, 51, 53, 52, 49], \"Bonus_5\": [55, 54, 56, 58, 57], \"diamant\": []}'),
(57, 3, 3, '2018-10-28 13:06:10', '1', '[55, 54, 53, 19, 37]', '[26, 4, 34, 47, 11, 14, 3, 16, 28, 22, 45, 18, 32, 27, 15, 29, 41, 44, 9, 31, 42, 38, 40, 49, 10, 25, 48, 33, 20, 12, 24, 5, 6, 21, 17, 50, 7, 36, 30, 39]', 0, 0, '[43, 23, 1]', '[2, 8, 13, 35]', '[51, 46]', '[52]', '[]', '[]', 1, 0, 0, '{\"or\": [], \"app\": [23, 21, 22, 19, 20, 17, 18], \"cuir\": [], \"data\": [4, 5, 1, 2, 3], \"plan\": [9, 10, 6, 7, 8], \"audio\": [31, 29, 30, 26, 28, 24, 25], \"epice\": [], \"tissu\": [], \"video\": [11, 12, 13, 14, 15, 16], \"argent\": [], \"disque\": [40, 39, 38, 32, 33, 34, 35, 36, 37], \"Bonus_3\": [45, 46, 47, 44, 42, 41, 43], \"Bonus_4\": [49, 50, 52, 51, 53, 48], \"Bonus_5\": [58, 56, 55, 54, 57], \"diamant\": []}'),
(58, 3, 3, '2018-10-28 13:06:10', '1', '[55, 54, 53, 48, 19]', '[49, 34, 23, 42, 16, 5, 33, 50, 8, 15, 40, 12, 35, 6, 10, 7, 32, 25, 14, 37, 30, 4, 28, 29, 3, 21, 31, 22, 36, 11, 17, 24, 18, 39, 38, 13, 1, 9, 44, 26]', 0, 0, '[41, 20]', '[2, 27, 43]', '[51, 52, 47]', '[45, 46]', '[]', '[]', 1, 0, 0, '{\"or\": [], \"app\": [23, 21, 22, 19, 20, 17, 18], \"cuir\": [], \"data\": [4, 5, 1, 2, 3], \"plan\": [9, 10, 6, 7, 8], \"audio\": [31, 29, 30, 26, 28, 24, 25], \"epice\": [], \"tissu\": [], \"video\": [11, 12, 13, 14, 15, 16], \"argent\": [], \"disque\": [40, 39, 38, 32, 33, 34, 35, 36, 37], \"Bonus_3\": [42, 43, 41, 45, 44, 46, 47], \"Bonus_4\": [48, 49, 52, 50, 51, 53], \"Bonus_5\": [56, 55, 54, 57, 58], \"diamant\": []}'),
(59, 3, 3, '2018-10-28 13:06:11', '1', '[55, 54, 53, 2, 22]', '[4, 31, 39, 42, 45, 46, 11, 14, 25, 19, 10, 49, 18, 32, 8, 1, 21, 28, 43, 52, 24, 34, 13, 12, 29, 35, 15, 3, 30, 20, 9, 17, 41, 50, 26, 36, 48, 23, 27, 16]', 0, 0, '[44, 38, 37]', '[7, 5, 40, 6, 33]', '[51, 47]', '[]', '[]', '[]', 1, 0, 0, '{\"or\": [], \"app\": [23, 21, 22, 19, 20, 17, 18], \"cuir\": [], \"data\": [4, 5, 1, 2, 3], \"plan\": [9, 10, 6, 7, 8], \"audio\": [31, 29, 30, 26, 28, 24, 25], \"epice\": [], \"tissu\": [], \"video\": [11, 12, 13, 14, 15, 16], \"argent\": [], \"disque\": [40, 39, 38, 32, 33, 34, 35, 36, 37], \"Bonus_3\": [43, 45, 41, 42, 44, 46, 47], \"Bonus_4\": [50, 51, 52, 53, 48, 49], \"Bonus_5\": [55, 56, 54, 58, 57], \"diamant\": []}'),
(60, 3, 3, '2018-10-28 13:06:11', '1', '[55, 54, 53, 7, 3]', '[45, 19, 27, 24, 43, 40, 42, 47, 38, 14, 48, 13, 35, 51, 30, 4, 20, 25, 6, 34, 15, 12, 28, 37, 26, 16, 50, 39, 1, 23, 2, 8, 22, 11, 17, 21, 10, 29, 9, 33]', 0, 0, '[36, 44]', '[5, 18, 31, 41, 32]', '[49, 46, 52]', '[]', '[]', '[]', 1, 0, 0, '{\"or\": [], \"app\": [23, 21, 22, 19, 20, 17, 18], \"cuir\": [], \"data\": [4, 5, 1, 2, 3], \"plan\": [9, 10, 6, 7, 8], \"audio\": [31, 29, 30, 26, 28, 24, 25], \"epice\": [], \"tissu\": [], \"video\": [11, 12, 13, 14, 15, 16], \"argent\": [], \"disque\": [40, 39, 38, 32, 33, 34, 35, 36, 37], \"Bonus_3\": [43, 47, 44, 45, 46, 41, 42], \"Bonus_4\": [49, 48, 53, 51, 50, 52], \"Bonus_5\": [57, 55, 56, 58, 54], \"diamant\": []}'),
(61, 3, 3, '2018-10-28 13:06:12', '1', '[55, 54, 53, 48, 43]', '[4, 27, 47, 51, 32, 46, 35, 17, 31, 5, 28, 38, 12, 1, 25, 8, 49, 45, 42, 26, 21, 40, 20, 13, 29, 14, 3, 9, 16, 22, 24, 23, 50, 52, 30, 18, 6, 7, 19, 2]', 0, 0, '[15, 33, 44, 41, 11]', '[39, 36, 34, 10, 37]', '[]', '[]', '[]', '[]', 1, 0, 0, '{\"or\": [], \"app\": [23, 21, 22, 19, 20, 17, 18], \"cuir\": [], \"data\": [4, 5, 1, 2, 3], \"plan\": [9, 10, 6, 7, 8], \"audio\": [31, 29, 30, 26, 28, 24, 25], \"epice\": [], \"tissu\": [], \"video\": [11, 12, 13, 14, 15, 16], \"argent\": [], \"disque\": [40, 39, 38, 32, 33, 34, 35, 36, 37], \"Bonus_3\": [45, 44, 47, 42, 46, 43, 41], \"Bonus_4\": [49, 48, 51, 52, 53, 50], \"Bonus_5\": [55, 58, 57, 54, 56], \"diamant\": []}'),
(62, 3, 3, '2018-10-28 13:06:12', '1', '[55, 54, 53, 47, 5]', '[44, 26, 11, 17, 35, 16, 29, 42, 2, 45, 32, 21, 18, 51, 25, 34, 23, 24, 41, 1, 39, 27, 40, 8, 33, 13, 49, 7, 30, 22, 31, 15, 28, 43, 14, 19, 10, 3, 20, 50]', 0, 0, '[4, 6, 37]', '[12, 36, 9, 38]', '[48, 52]', '[46]', '[]', '[]', 1, 0, 0, '{\"or\": [], \"app\": [23, 21, 22, 19, 20, 17, 18], \"cuir\": [], \"data\": [4, 5, 1, 2, 3], \"plan\": [9, 10, 6, 7, 8], \"audio\": [31, 29, 30, 26, 28, 24, 25], \"epice\": [], \"tissu\": [], \"video\": [11, 12, 13, 14, 15, 16], \"argent\": [], \"disque\": [40, 39, 38, 32, 33, 34, 35, 36, 37], \"Bonus_3\": [41, 44, 46, 47, 43, 45, 42], \"Bonus_4\": [49, 53, 51, 50, 52, 48], \"Bonus_5\": [54, 58, 55, 56, 57], \"diamant\": []}'),
(63, 3, 3, '2018-10-28 13:06:13', '1', '[55, 54, 53, 23, 13]', '[32, 6, 42, 28, 19, 15, 8, 5, 50, 52, 47, 45, 2, 12, 4, 30, 37, 20, 27, 25, 41, 16, 18, 44, 49, 26, 46, 29, 14, 36, 31, 7, 43, 34, 48, 38, 3, 9, 33, 51]', 0, 0, '[21, 1, 17, 24, 35]', '[40, 39, 11, 10, 22]', '[]', '[]', '[]', '[]', 1, 0, 0, '{\"or\": [], \"app\": [23, 21, 22, 19, 20, 17, 18], \"cuir\": [], \"data\": [4, 5, 1, 2, 3], \"plan\": [9, 10, 6, 7, 8], \"audio\": [31, 29, 30, 26, 28, 24, 25], \"epice\": [], \"tissu\": [], \"video\": [11, 12, 13, 14, 15, 16], \"argent\": [], \"disque\": [40, 39, 38, 32, 33, 34, 35, 36, 37], \"Bonus_3\": [43, 46, 45, 47, 41, 42, 44], \"Bonus_4\": [49, 48, 52, 51, 50, 53], \"Bonus_5\": [58, 57, 55, 54, 56], \"diamant\": []}'),
(64, 3, 3, '2018-10-28 13:06:13', '1', '[55, 54, 53, 24, 9]', '[23, 30, 35, 40, 43, 11, 21, 18, 41, 22, 46, 19, 34, 42, 52, 37, 26, 1, 28, 10, 44, 48, 4, 16, 27, 2, 29, 5, 15, 39, 45, 38, 36, 49, 33, 8, 50, 14, 32, 51]', 0, 0, '[20, 3, 13, 31, 17]', '[6, 7, 12, 25]', '[]', '[47]', '[]', '[]', 1, 0, 0, '{\"or\": [], \"app\": [23, 21, 22, 19, 20, 17, 18], \"cuir\": [], \"data\": [4, 5, 1, 2, 3], \"plan\": [9, 10, 6, 7, 8], \"audio\": [31, 29, 30, 26, 28, 24, 25], \"epice\": [], \"tissu\": [], \"video\": [11, 12, 13, 14, 15, 16], \"argent\": [], \"disque\": [40, 39, 38, 32, 33, 34, 35, 36, 37], \"Bonus_3\": [45, 46, 42, 44, 43, 47, 41], \"Bonus_4\": [51, 50, 48, 49, 52, 53], \"Bonus_5\": [57, 56, 58, 55, 54], \"diamant\": []}'),
(65, 3, 3, '2018-10-28 13:06:14', '1', '[55, 54, 53, 21, 22]', '[10, 20, 47, 11, 19, 5, 37, 12, 15, 35, 33, 2, 44, 49, 16, 40, 13, 23, 31, 14, 24, 42, 7, 41, 45, 1, 43, 25, 18, 38, 29, 9, 8, 26, 50, 27, 4, 28, 6, 17]', 0, 0, '[3, 32]', '[34, 30, 36, 39]', '[51, 52, 46]', '[48]', '[]', '[]', 1, 0, 0, '{\"or\": [], \"app\": [23, 21, 22, 19, 20, 17, 18], \"cuir\": [], \"data\": [4, 5, 1, 2, 3], \"plan\": [9, 10, 6, 7, 8], \"audio\": [31, 29, 30, 26, 28, 24, 25], \"epice\": [], \"tissu\": [], \"video\": [11, 12, 13, 14, 15, 16], \"argent\": [], \"disque\": [40, 39, 38, 32, 33, 34, 35, 36, 37], \"Bonus_3\": [47, 45, 44, 42, 43, 46, 41], \"Bonus_4\": [50, 51, 49, 53, 52, 48], \"Bonus_5\": [55, 57, 56, 54, 58], \"diamant\": []}'),
(66, 3, 3, '2018-10-28 13:06:15', '1', '[55, 54, 53, 16, 37]', '[39, 17, 42, 48, 32, 26, 18, 46, 2, 43, 1, 34, 44, 38, 36, 51, 50, 45, 4, 29, 25, 28, 13, 11, 27, 40, 22, 41, 15, 21, 6, 10, 5, 7, 9, 20, 31, 23, 35, 52]', 0, 0, '[24, 3, 12, 8]', '[14, 33, 30, 19]', '[49]', '[47]', '[]', '[]', 1, 0, 0, '{\"or\": [], \"app\": [23, 21, 22, 19, 20, 17, 18], \"cuir\": [], \"data\": [4, 5, 1, 2, 3], \"plan\": [9, 10, 6, 7, 8], \"audio\": [31, 29, 30, 26, 28, 24, 25], \"epice\": [], \"tissu\": [], \"video\": [11, 12, 13, 14, 15, 16], \"argent\": [], \"disque\": [40, 39, 38, 32, 33, 34, 35, 36, 37], \"Bonus_3\": [47, 46, 44, 45, 43, 41, 42], \"Bonus_4\": [52, 48, 51, 49, 50, 53], \"Bonus_5\": [58, 55, 56, 54, 57], \"diamant\": []}'),
(67, 3, 3, '2018-10-28 13:06:15', '1', '[55, 54, 53, 45, 22]', '[42, 17, 36, 47, 32, 38, 43, 13, 3, 24, 41, 34, 23, 2, 28, 27, 4, 9, 48, 49, 10, 14, 40, 21, 15, 6, 50, 44, 33, 46, 18, 31, 1, 37, 16, 7, 51, 35, 26, 11]', 0, 0, '[29, 30, 8, 20, 25]', '[5, 39, 12, 19]', '[]', '[52]', '[]', '[]', 1, 0, 0, '{\"or\": [], \"app\": [23, 21, 22, 19, 20, 17, 18], \"cuir\": [], \"data\": [4, 5, 1, 2, 3], \"plan\": [9, 10, 6, 7, 8], \"audio\": [31, 29, 30, 26, 28, 24, 25], \"epice\": [], \"tissu\": [], \"video\": [11, 12, 13, 14, 15, 16], \"argent\": [], \"disque\": [40, 39, 38, 32, 33, 34, 35, 36, 37], \"Bonus_3\": [44, 43, 46, 45, 47, 42, 41], \"Bonus_4\": [53, 49, 52, 50, 51, 48], \"Bonus_5\": [55, 56, 54, 57, 58], \"diamant\": []}'),
(68, 3, 3, '2018-10-28 13:06:16', '1', '[55, 54, 53, 49, 36]', '[3, 39, 10, 45, 18, 32, 29, 23, 31, 5, 41, 27, 19, 47, 13, 33, 28, 21, 8, 2, 12, 15, 48, 50, 26, 17, 37, 30, 14, 51, 35, 40, 11, 6, 1, 38, 44, 25, 4, 9]', 0, 0, '[34, 16, 43, 22]', '[20, 7, 42, 24]', '[46]', '[52]', '[]', '[]', 1, 0, 0, '{\"or\": [], \"app\": [23, 21, 22, 19, 20, 17, 18], \"cuir\": [], \"data\": [4, 5, 1, 2, 3], \"plan\": [9, 10, 6, 7, 8], \"audio\": [31, 29, 30, 26, 28, 24, 25], \"epice\": [], \"tissu\": [], \"video\": [11, 12, 13, 14, 15, 16], \"argent\": [], \"disque\": [40, 39, 38, 32, 33, 34, 35, 36, 37], \"Bonus_3\": [41, 45, 44, 46, 47, 42, 43], \"Bonus_4\": [53, 50, 48, 52, 49, 51], \"Bonus_5\": [54, 57, 55, 56, 58], \"diamant\": []}');

-- --------------------------------------------------------

--
-- Table structure for table `user`
--

DROP TABLE IF EXISTS `user`;
CREATE TABLE IF NOT EXISTS `user` (
  `id` int(11) NOT NULL AUTO_INCREMENT,
  `username` varchar(255) COLLATE utf8mb4_unicode_ci NOT NULL,
  `password` varchar(255) COLLATE utf8mb4_unicode_ci NOT NULL,
  `email` varchar(255) COLLATE utf8mb4_unicode_ci NOT NULL,
  `avatar_img` varchar(255) COLLATE utf8mb4_unicode_ci NOT NULL,
  `roles` longtext COLLATE utf8mb4_unicode_ci COMMENT '(DC2Type:array)',
  `games_played` int(11) DEFAULT NULL,
  `games_won` int(11) DEFAULT NULL,
  PRIMARY KEY (`id`)
) ENGINE=InnoDB AUTO_INCREMENT=5 DEFAULT CHARSET=utf8mb4 COLLATE=utf8mb4_unicode_ci;

--
-- Dumping data for table `user`
--

INSERT INTO `user` (`id`, `username`, `password`, `email`, `avatar_img`, `roles`, `games_played`, `games_won`) VALUES
(3, 'Badr', '$2y$13$LEC0DryWJiinvL6rJ9NKzuZ9AHSJD4SQpM7b/EaVz2mt5lriBdZdu', 'bdrswv@gmail.com', 'nothing', 'a:1:{i:0;s:9:\"ROLE_USER\";}', NULL, NULL),
(4, 'Yann', '$2y$13$hwGrkOplSkW82KF/4vzlfecjurp6p9f0zSQYWIFClxbJLjzYJARsi', 'yann@lol.fr', 'nothing', 'a:1:{i:0;s:9:\"ROLE_USER\";}', NULL, NULL);

--
-- Constraints for dumped tables
--

--
-- Constraints for table `partie`
--
ALTER TABLE `partie`
  ADD CONSTRAINT `FK_59B1F3D80744DD9` FOREIGN KEY (`joueur2_id`) REFERENCES `user` (`id`),
  ADD CONSTRAINT `FK_59B1F3D92C1E237` FOREIGN KEY (`joueur1_id`) REFERENCES `user` (`id`);
COMMIT;

/*!40101 SET CHARACTER_SET_CLIENT=@OLD_CHARACTER_SET_CLIENT */;
/*!40101 SET CHARACTER_SET_RESULTS=@OLD_CHARACTER_SET_RESULTS */;
/*!40101 SET COLLATION_CONNECTION=@OLD_COLLATION_CONNECTION */;
